abs,rel,0no,3no,best,avg,break
20.083514234300058,0.5337185995065404,0.635,0.87,-439.0,-433.13,0.00035
20.083514234300058,0.5337185995065404,0.596,0.873,-439.0,-433.088,0.0003
20.083514234300058,0.5337185995065404,0.556,0.89,-439.0,-432.984,0.0005499999999999999
20.083514234300058,0.5337185995065404,0.621,0.876,-439.0,-433.118,0.00035
20.083514234300058,0.5337185995065404,0.473,0.857,-439.0,-431.608,0.00039999999999999996
37.629406681477185,1.0,0.593,0.832,-439.0,-432.05,5e-05
